Workbook

Sheet SummaryTestSourceLabs
A2: Summary Test Case Source Lab
B3: Software Under Test | D3: https://www.saucedemo.com/
B4: with account:
C5: username | D5: standard_user
C6: password | D6: secret_sauce
C8: Jumlah Test case (TC) | D8: 43
C9: Jumlah Fitur | D9: 10
B11: Summary Test Result | E11: Summary Bug Report
C12: Jumlah TC Pass | D12: =E29 -> 31 | E12: Jumlah Bug Severity | G12: =SUM(H29:K29) -> 1
C13: Jumlah TC Fail | D13: =F29 -> 12 | E13: Jumlah Bug Priority | G13: =SUM(L29:P29) -> 1
C14: Requirement does not clear | D14: =G29 -> 0
B16: No. | C16: Fitur | D16: Jumlah Test Case | E16: Jumlah TC Pass | F16: Jumlah TC Fail | G16: Requirement does not clear | H16: Jumlah Bug Severity | L16: Jumlah Bug Priority
H17: Critical | I17: Major | J17: Minor | K17: Low | L17: Critical | M17: High | N17: Medium | O17: Low | P17: Trivial
B18: 1 | C18: Login | D18: =COUNTIF(TestCaseResult!$B$2:$B$44,C18) -> 7 | E18: =COUNTIF(TestCaseResult!I2:I8,"Passed") -> 2 | F18: =COUNTIF(TestCaseResult!I2:I8,"Failed") -> 5 | G18: =COUNTIF(TestCaseResult!I2:I8,"Requirement does not clear") -> 0 | K18: 1 | P18: 1
B19: =B18+1 -> 2 | C19: Dashboard | D19: =COUNTIF(TestCaseResult!$B$2:$B$44,C19) -> 10 | E19: =COUNTIF(TestCaseResult!I9:I18,"Passed") -> 10 | F19: =COUNTIF(TestCaseResult!I9:I18,"Failed") -> 0 | G19: =COUNTIF(TestCaseResult!I9:I18,"Requirement does not clear") -> 0
B20: =B19+1 -> 3 | C20: Cart Page | D20: =COUNTIF(TestCaseResult!$B$2:$B$44,C20) -> 9 | E20: =COUNTIF(TestCaseResult!I19:I27,"Passed") -> 8 | F20: =COUNTIF(TestCaseResult!I19:I27,"Failed") -> 1 | G20: =COUNTIF(TestCaseResult!I19:I27,"Requirement does not clear") -> 0
B21: =B20+1 -> 4 | C21: Checkout Page | D21: =COUNTIF(TestCaseResult!$B$2:$B$44,C21) -> 7 | E21: =COUNTIF(TestCaseResult!I28:I34,"Passed") -> 3 | F21: =COUNTIF(TestCaseResult!I28:I34,"Failed") -> 4 | G21: =COUNTIF(TestCaseResult!I28:I34,"Requirement does not clear") -> 0
B22: =B21+1 -> 5 | C22: Checkout Overview Page | D22: =COUNTIF(TestCaseResult!$B$2:$B$44,C22) -> 3 | E22: =COUNTIF(TestCaseResult!I35:I37,"Passed") -> 2 | F22: =COUNTIF(TestCaseResult!I35:I37,"Failed") -> 1 | G22: =COUNTIF(TestCaseResult!I35:I37,"Requirement does not clear") -> 0
B23: =B22+1 -> 6 | C23: Checkout Complete Page | D23: =COUNTIF(TestCaseResult!$B$2:$B$44,C23) -> 2 | E23: =COUNTIF(TestCaseResult!I38:I39,"Passed") -> 2 | F23: =COUNTIF(TestCaseResult!I38:I39,"Failed") -> 0 | G23: =COUNTIF(TestCaseResult!I38:I39,"Requirement does not clear") -> 0
B24: =B23+1 -> 7 | C24: All item menu | D24: =COUNTIF(TestCaseResult!$B$2:$B$44,C24) -> 1 | E24: =COUNTIF(TestCaseResult!I40,"Passed") -> 1 | F24: =COUNTIF(TestCaseResult!I40,"Failed") -> 0 | G24: =COUNTIF(TestCaseResult!I40,"Requirement does not clear") -> 0
B25: =B24+1 -> 8 | C25: About menu | D25: =COUNTIF(TestCaseResult!$B$2:$B$44,C25) -> 1 | E25: =COUNTIF(TestCaseResult!I41,"Passed") -> 1 | F25: =COUNTIF(TestCaseResult!I41,"Failed") -> 0 | G25: =COUNTIF(TestCaseResult!I41,"Requirement does not clear") -> 0
B26: =B25+1 -> 9 | C26: Log out | D26: =COUNTIF(TestCaseResult!$B$2:$B$44,C26) -> 1 | E26: =COUNTIF(TestCaseResult!I42,"Passed") -> 1 | F26: =COUNTIF(TestCaseResult!I42,"Failed") -> 0 | G26: =COUNTIF(TestCaseResult!I42,"Requirement does not clear") -> 0
B27: =B26+1 -> 10 | C27: Reset App State | D27: =COUNTIF(TestCaseResult!$B$2:$B$44,C27) -> 2 | E27: =COUNTIF(TestCaseResult!I43:I44,"Passed") -> 1 | F27: =COUNTIF(TestCaseResult!I43:I44,"Failed") -> 1 | G27: =COUNTIF(TestCaseResult!I43:I44,"Requirement does not clear") -> 0
B29: TOTAL | D29: =SUM(D18:D27) -> 43 | E29: =SUM(E18:E27) -> 31 | F29: =SUM(F18:F27) -> 12 | G29: =SUM(G18:G27) -> 0 | H29: =SUM(H18:H27) -> 0 | I29: =SUM(I18:I27) -> 0 | J29: =SUM(J18:J27) -> 0 | K29: =SUM(K18:K27) -> 1 | ... P29: =SUM(P18:P27) -> 1

Sheet TestCaseResult
A1: Test ID | B1: Test Feature | C1: Test Case Name | D1: Pre-Conditions | E1: Test Data | F1: Test Steps | G1: Expected Result | H1: Test Type | I1: Test Result | J1: Test PIC | K1: Test Date | L1: Incident ID
A2: TC01 | B2: Login | C2: Verify layout screen Login page | D2: 1. User already open browser 2. User has navigate to SwagLab Apps (https://www.saucedemo.com) | E2: - | F2: Check every area in Login page same with design | G2: 1. System display Login page 2. show Page Tittle "Swag Labs" 3. display form login (username, password and login button) | H2: Positif | I2: Passed | J2: Rafif | K2: 46200
A3: TC02 | B3: Login | C3: User login to Swag Labs web with correct username and password | D3: 1. User already open browser 2. User has navigate to SwagLab Apps (https://www.saucedemo.com) | E3: Username: standard_user Password: secret_sauce | F3: 1. User fill username and password with test data beside 2. User click Login button | G3: System display dashboard Swag Labs page and show Page Tittle "Products" | H3: Positif | I3: Passed | J3: Rafif | K3: 46200
A4: TC03 | B4: Login | C4: User login to Swag Labs web with correct username but password not filled | D4: 1. User already open browser 2. User has navigate to SwagLab Apps (https://www.saucedemo.com) | E4: Username: standard_user Password: {empty} | F4: 1. User fill username and password with test data beside 2. User click Login button | G4: 1. System will show throw error message "Password is required" 2. Current page still in Login page | H4: Negatif | I4: Failed | J4: Rafif | K4: 46200 | L4: STD-IR-001
A5: TC04 | B5: Login | C5: User login to Swag Labs web with password filled but username not filled | D5: 1. User already open browser 2. User has navigate to SwagLab Apps (https://www.saucedemo.com) | E5: Username: {empty} Password: secret_sauce | F5: 1. User fill username and password with test data beside 2. User click Login button | G5: 1. System will show throw error message "Username is required" under username field 2. Current page still in Login page | H5: Negatif | I5: Failed | J5: Rafif | K5: 46200 | L5: STD-IR-002
A6: TC05 | B6: Login | C6: User login to Swag Labs web with username and password not filled | D6: 1. User already open browser 2. User has navigate to SwagLab Apps (https://www.saucedemo.com) | E6: Username: {empty} Password: {empty} | F6: 1. User fill username and password with test data beside 2. User click Login button | G6: 1. System will show throw error message "Username is required" and "Password is required" 2. Current page still in Login page | H6: Negatif | I6: Failed | J6: Rafif | K6: 46200 | L6: STD-IR-003
A7: TC06 | B7: Login | C7: User login to Swag Labs web with correct username but password does not match | D7: 1. User already open browser 2. User has navigate to SwagLab Apps (https://www.saucedemo.com) | E7: Username: standard_user Password: secret | F7: 1. User fill username and password with test data beside 2. User click Login button | G7: 1. System will show throw error message "Username and password do not match any user in this service" 2. Current page still in Login page | H7: Negatif | I7: Failed | J7: Rafif | K7: 46200 | L7: STD-IR-004
A8: TC07 | B8: Login | C8: User login to Swag Labs web with username doesn't registered | D8: 1. User already open browser 2. User has navigate to SwagLab Apps (https://www.saucedemo.com) | E8: Username: standard Password: secret_sauce | F8: 1. User fill username and password with test data beside 2. User click Login button | G8: 1. System will show throw error message "Username and password do not match any user in this service" 2. Current page still in Login page | H8: Negatif | I8: Failed | J8: Rafif | K8: 46200 | L8: STD-IR-005
A9: TC08 | B9: Dashboard | C9: Verify layout screen Dasboard page | D9: 1. User has login to SwagLab Apps 2. User has navigate to Dasboard | E9: Produc is 6 item 1. Name = Sauce Labs Backpack price = 29.99 2. Name = Sauce Labs Bike Light price = 9.99 3. Name = Sauce Labs Bolt T-Shirt price = 15.99 4. Name = Sauce Labs Fleece Jacket price = 49.99 5. Name = Sauce Labs Onesie price = 7.99 6. Name = Test.allTheThings() T-Shirt (Red) price = 15.99 | F9: Check every area in Dasboard page same with design | G9: 1. System display dashboard Swag Labs page 2. show Page Tittle "Products" 3. show item product list in conten area 4. show filtering field product in navbar area 5. show Cart icon in header page 6. Default value on the filter uses "Name (A to Z)" | H9: Positif | I9: Passed | J9: Rafif | K9: 46200
A10: TC09 | B10: Dashboard | C10: Verify displayed product is working properly | D10: 1. User has login to SwagLab Apps 2. User has navigate to Dasboard | E10: Produc is 6 item 1. Name = Sauce Labs Backpack price = 29.99 2. Name = Sauce Labs Bike Light price = 9.99 3. Name = Sauce Labs Bolt T-Shirt price = 15.99 4. Name = Sauce Labs Fleece Jacket price = 49.99 5. Name = Sauce Labs Onesie price = 7.99 6. Name = Test.allTheThings() T-Shirt (Red) price = 15.99 | F10: 1. User fill username and password with test data beside 2. User click Login button | G10: 1. Displayed information product consist picture, name of product, description, and price based on data from databased 2. In every product have "Add to cart" button can be clicked | H10: Positif | I10: Passed | J10: Rafif | K10: 46200
A11: TC010 | B11: Dashboard | C11: Verify Add to cart button in every product is working properly | D11: 1. User has login to SwagLab Apps 2. User has navigate to Dasboard | E11: Produc is 6 item 1. Name = Sauce Labs Backpack price = 29.99 2. Name = Sauce Labs Bike Light price = 9.99 3. Name = Sauce Labs Bolt T-Shirt price = 15.99 4. Name = Sauce Labs Fleece Jacket price = 49.99 5. Name = Sauce Labs Onesie price = 7.99 6. Name = Test.allTheThings() T-Shirt (Red) price = 15.99 | F11: 1. User click Add to Cart button in item product 1 2. User click Add to Cart button in item product 2 3. User click Add to Cart button in item product 3 4. User click Add to Cart button in item product 4 5. User click Add to Cart button in item product 5 6. User click Add to Cart button in item product 6 | G11: 1. Every User click "Add to cart" button, in the cart show notification additional number incease one 2. "Add to cart" button change to "Remove" button 3. "Remove" button will show with red font colour and red border colour | H11: Positif | I11: Passed | J11: Rafif | K11: 46200
A12: TC011 | B12: Dashboard | C12: Verify Sorting function based on Name (A to Z) is working properly | D12: 1. User has login to SwagLab Apps 2. User has navigate to Dasboard | E12: Produc is 6 item 1. Name = Sauce Labs Backpack price = 29.99 2. Name = Sauce Labs Bike Light price = 9.99 3. Name = Sauce Labs Bolt T-Shirt price = 15.99 4. Name = Sauce Labs Fleece Jacket price = 49.99 5. Name = Sauce Labs Onesie price = 7.99 6. Name = Test.allTheThings() T-Shirt (Red) price = 15.99 | F12: 1. User click filtering dropdown 2. User choose "Name (A to Z)" filtering | G12: System display Item product already sorting by ascending name product on Dasboard page | H12: Positif | I12: Passed | J12: Rafif | K12: 46200
A13: TC012 | B13: Dashboard | C13: Verify Sorting function based on Name (Z to A) is working properly | D13: 1. User has login to SwagLab Apps 2. User has navigate to Dasboard | E13: Produc is 6 item 1. Name = Sauce Labs Backpack price = 29.99 2. Name = Sauce Labs Bike Light price = 9.99 3. Name = Sauce Labs Bolt T-Shirt price = 15.99 4. Name = Sauce Labs Fleece Jacket price = 49.99 5. Name = Sauce Labs Onesie price = 7.99 6. Name = Test.allTheThings() T-Shirt (Red) price = 15.99 | F13: 1. User click filtering dropdown 2. User choose "Name (Z to A)" filtering | G13: System display Item product already sorting by descending name product on Dasboard page | H13: Positif | I13: Passed | J13: Rafif | K13: 46200
A14: TC013 | B14: Dashboard | C14: Verify Sorting function based on Price (low to high) is working properly | D14: 1. User has login to SwagLab Apps 2. User has navigate to Dasboard | E14: Produc is 6 item 1. Name = Sauce Labs Backpack price = 29.99 2. Name = Sauce Labs Bike Light price = 9.99 3. Name = Sauce Labs Bolt T-Shirt price = 15.99 4. Name = Sauce Labs Fleece Jacket price = 49.99 5. Name = Sauce Labs Onesie price = 7.99 6. Name = Test.allTheThings() T-Shirt (Red) price = 15.99 | F14: 1. User click filtering dropdown 2. User choose "Price (low to high)" filtering | G14: System display Item product already sorting by lower price to high price on Dasboard page | H14: Positif | I14: Passed | J14: Rafif | K14: 46200
A15: TC14 | B15: Dashboard | C15: Verify Sorting function based on Price (high to low) is working properly | D15: 1. User has login to SwagLab Apps 2. User has navigate to Dasboard | E15: Produc is 6 item 1. Name = Sauce Labs Backpack price = 29.99 2. Name = Sauce Labs Bike Light price = 9.99 3. Name = Sauce Labs Bolt T-Shirt price = 15.99 4. Name = Sauce Labs Fleece Jacket price = 49.99 5. Name = Sauce Labs Onesie price = 7.99 6. Name = Test.allTheThings() T-Shirt (Red) price = 15.99 | F15: 1. User click filtering dropdown 2. User choose "Price (high to low)" filtering | G15: System display Item product already sorting by high price to lower price on Dasboard page | H15: Positif | I15: Passed | J15: Rafif | K15: 46200
A16: TC15 | B16: Dashboard | C16: Verify Add product to cart is working properly | D16: 1. User has login to SwagLab Apps 2. User has navigate to Dasboard | E16: Produc is 6 item 1. Name = Sauce Labs Backpack price = 29.99 2. Name = Sauce Labs Bike Light price = 9.99 3. Name = Sauce Labs Bolt T-Shirt price = 15.99 4. Name = Sauce Labs Fleece Jacket price = 49.99 5. Name = Sauce Labs Onesie price = 7.99 6. Name = Test.allTheThings() T-Shirt (Red) price = 15.99 | F16: User click button "Add to cart" in some product item in Dasboard page | G16: button "Add to cart" change to "remove" in product item chosen, and display number of product already order in Cart Icon based on count of product ordered | H16: Positif | I16: Passed | J16: Rafif | K16: 46200
A17: TC16 | B17: Dashboard | C17: Verify remove product from cart with case still some product order is working properly | D17: 1. User has login to SwagLab Apps 2. User has navigate to Dasboard 3. User already chosen product to cart | E17: Produc is 6 item 1. Name = Sauce Labs Backpack price = 29.99 2. Name = Sauce Labs Bike Light price = 9.99 3. Name = Sauce Labs Bolt T-Shirt price = 15.99 4. Name = Sauce Labs Fleece Jacket price = 49.99 5. Name = Sauce Labs Onesie price = 7.99 6. Name = Test.allTheThings() T-Shirt (Red) price = 15.99 | F17: User click button "Remove" in some product item already order in Dasboard page | G17: button "Remove" change to "Add to cart" in product item chosen, and display number of product already order in Cart Icon based on count of product ordered | H17: Positif | I17: Passed | J17: Rafif | K17: 46200
A18: TC17 | B18: Dashboard | C18: Verify remove product from cart with case no itrem product ordered is working properly | D18: 1. User has login to SwagLab Apps 2. User has navigate to Dasboard 3. User already chosen product to cart | E18: Produc is 6 item 1. Name = Sauce Labs Backpack price = 29.99 2. Name = Sauce Labs Bike Light price = 9.99 3. Name = Sauce Labs Bolt T-Shirt price = 15.99 4. Name = Sauce Labs Fleece Jacket price = 49.99 5. Name = Sauce Labs Onesie price = 7.99 6. Name = Test.allTheThings() T-Shirt (Red) price = 15.99 | F18: User click button "Remove" in all product item already order in Dasboard page | G18: button "Remove" change to "Add to cart" in product item chosen, and number of product already order in Cart Icon is disappear | H18: Positif | I18: Passed | J18: Rafif | K18: 46200
A19: TC18 | B19: Cart Page | C19: Verify layout screen Cart page | D19: 1. User has login to SwagLab Apps 2. User has ordered some product item in Dasboard page 3. User has navigate to Cart page | E19: Produc is 6 item 1. Name = Sauce Labs Backpack price = 29.99 2. Name = Sauce Labs Bike Light price = 9.99 3. Name = Sauce Labs Bolt T-Shirt price = 15.99 4. Name = Sauce Labs Fleece Jacket price = 49.99 5. Name = Sauce Labs Onesie price = 7.99 6. Name = Test.allTheThings() T-Shirt (Red) price = 15.99 | F19: Check every area in Cart page same with design | G19: 1. System display Cart page, show Page Tittle "Your Cart", 2. show data grid product ordered with table form (QTY as first column and Description as second column) 3. Display Continue Shopping button in buttom left area 4. Display Checkout button in buttom right area | H19: Positif | I19: Passed | J19: Rafif | K19: 46200
A20: TC19 | B20: Cart Page | C20: Verify view data order item in Cart page when user not choose product to order is working properly | D20: 1. User has login to SwagLab Apps 2. User has navigate to Dasboard | E20: Product item not selected to cart empty cart | F20: User click cart icon | G20: System display Cart page, show Page Tittle "Your Cart", and show data grid order with QTY and Description column empty data | H20: Positif | I20: Passed | J20: Rafif | K20: 46200
... A26: TC25 | B26: Cart Page | C26: Verify check out process from cart page with case some product ordered is working properly | D26: 1. User has login to SwagLab Apps 2. User has ordered some product item in Dasboard page 2. User has navigate to Cart page | E26: Produc is 6 item 1. Name = Sauce Labs Backpack price = 29.99 2. Name = Sauce Labs Bike Light price = 9.99 3. Name = Sauce Labs Bolt T-Shirt price = 15.99 4. Name = Sauce Labs Fleece Jacket price = 49.99 5. Name = Sauce Labs Onesie price = 7.99 6. Name = Test.allTheThings() T-Shirt (Red) price = 15.99 | F26: User click button "Checkout" | G26: 1. System display Check out information page 2. show three field information customer (First Name, Last Name and Zip/Postal Code) with Page Tittle "Checkout: Your Information" | H26: Positif | I26: Passed | J26: Rafif | K26: 46200
A27: TC26 | B27: Cart Page | C27: Verify check out process from cart page with case no any product ordered is working properly | D27: 1. User has login to SwagLab Apps 2. User not ordered product item in Dasboard page 2. User has navigate to Cart page | E27: Produc is 6 item 1. Name = Sauce Labs Backpack price = 29.99 2. Name = Sauce Labs Bike Light price = 9.99 3. Name = Sauce Labs Bolt T-Shirt price = 15.99 4. Name = Sauce Labs Fleece Jacket price = 49.99 5. Name = Sauce Labs Onesie price = 7.99 6. Name = Test.allTheThings() T-Shirt (Red) price = 15.99 | F27: User click button "Checkout" | G27: 1. Current page still in Cart page 2. System will show throw error message "No product item ordered, User must order minimum one product" | H27: Negatif | I27: Failed | J27: Rafif | K27: 46200 | L27: STD-IR-006
A28: TC27 | B28: Checkout Page | C28: Verify layout screen Checkout page | D28: 1. User has login to SwagLab Apps 2. User has ordered some product item in Dasboard page 2. User has navigate to Checkout page | E28: Produc is 6 item 1. Name = Sauce Labs Backpack price = 29.99 2. Name = Sauce Labs Bike Light price = 9.99 3. Name = Sauce Labs Bolt T-Shirt price = 15.99 4. Name = Sauce Labs Fleece Jacket price = 49.99 5. Name = Sauce Labs Onesie price = 7.99 6. Name = Test.allTheThings() T-Shirt (Red) price = 15.99 | F28: Check every area in Checkout page same with design | G28: 1. System display Check out information page 2. Show three field information customer (First Name, Last Name and Zip/Postal Code) 3. Show Page Tittle "Checkout: Your Information" 4. Display Cancel button in buttom left area 5. Display Continue button in buttom right area | H28: Positif | I28: Passed | J28: Rafif | K28: 46200
A29: TC28 | B29: Checkout Page | C29: Verify check out process with case fill checkout information by valid data is working properly | D29: 1. User has login to SwagLab Apps 2. User has ordered some product item in Dasboard page 2. User has navigate to Checkout page | E29: First Name = "Asri" Last Name = "Maspupah" Zip/ Postal Code = "40523" | F29: 1. User filled form checkout based on data 2. User click Continue button | G29: System display Check Overview page and show all data product has been ordered Also show data Payment Information, Shipping Information, Price Total Information (Item Total {sum of price product} and tax {8% from item total}) and Total {Item total add with tax} | H29: Positif | I29: Passed | J29: Rafif | K29: 46200
A30: TC29 | B30: Checkout Page | C30: Verify check out process with case fill checkout information by invalid data Case : First Name not filled, other field filled | D30: 1. User has login to SwagLab Apps 2. User has ordered some product item in Dasboard page 3. User has navigate to Checkout page | E30: First Name = {Empty} Last Name = "Maspupah" Zip/ Postal Code = "40523" | F30: 1. User filled form checkout based on data 2. User click Continue button | G30: 1. System will show throw error message "First Name is required" under First Name field. 2. Current page still in Checkout page 3. field First Name display with red colour and end with cross icon | H30: Negatif | I30: Failed | J30: Rafif | K30: 46200 | L30: STD-IR-007
A31: TC30 | B31: Checkout Page | C31: Verify check out process with case fill checkout information by invalid data Case : Last Name not filled, other field filled | D31: 1. User has login to SwagLab Apps 2. User has ordered some product item in Dasboard page 3. User has navigate to Checkout page | E31: First Name = "Asri" Last Name = {Empty} Zip/ Postal Code = "40523" | F31: 1. User filled form checkout based on data 2. User click Continue button | G31: 1. System will show throw error message "Last Name is required" under Last Name field. 2. Current page still in Checkout page 3. field Last Name display with red colour and end with cross icon | H31: Negatif | I31: Failed | J31: Rafif | K31: 46200 | L31: STD-IR-008
A32: TC31 | B32: Checkout Page | C32: Verify check out process with case fill checkout information by invalid data Case : Zip/ Postal code not filled, other field filled | D32: 1. User has login to SwagLab Apps 2. User has ordered some product item in Dasboard page 3. User has navigate to Checkout page | E32: First Name = "Asri" Last Name = "Maspupah" Zip/ Postal Code = {Empty} | F32: 1. User filled form checkout based on data 2. User click Continue button | G32: 1. System will show throw error message "Postal Code is required" under Zip/ Postal Code field. 2. Current page still in Checkout page 3. field Zip/ Postal Code display with red colour and end with cross icon | H32: Negatif | I32: Failed | J32: Rafif | K32: 46200 | L32: STD-IR-009
A33: TC32 | B33: Checkout Page | C33: Verify check out process with case fill checkout information by invalid data Case : All field is empty | D33: 1. User has login to SwagLab Apps 2. User has ordered some product item in Dasboard page 3. User has navigate to Checkout page | E33: First Name = {Empty} Last Name = {Empty} Zip/ Postal Code = {Empty} | F33: 1. User filled form checkout based on data 2. User click Continue button | G33: 1. Current page still in Checkout page 2. System will show throw error message "First Name is required" under First Name field. 3. field First Name display with red colour and end with cross icon 4. System will show throw error message "Last Name is required" under Last Name field. 5. field Last Name display with red colour and end with cross icon 6. System will show throw error message "Postal Code is required" under Zip/ Postal Code field. 7. field Zip/ Postal Code display with red colour and end with cross icon | H33: Negatif | I33: Failed | J33: Rafif | K33: 46200 | L33: STD-IR-010
A34: TC33 | B34: Checkout Page | C34: Verify Cancel button in Checkout page is working properly | D34: 1. User has login to SwagLab Apps 2. User has ordered some product item in Dasboard page 3. User has navigate to Checkout page | E34: Produc is 6 item 1. Name = Sauce Labs Backpack price = 29.99 2. Name = Sauce Labs Bike Light price = 9.99 3. Name = Sauce Labs Bolt T-Shirt price = 15.99 4. Name = Sauce Labs Fleece Jacket price = 49.99 5. Name = Sauce Labs Onesie price = 7.99 6. Name = Test.allTheThings() T-Shirt (Red) price = 15.99 | F34: User click cancel button | G34: System display Cart page and show product item has been ordered | H34: Positif | I34: Passed | J34: Rafif | K34: 46200
A35: TC34 | B35: Checkout Overview Page | C35: Verify layout screen Checkout Overview page | D35: 1. User has login to SwagLab Apps 2. User has ordered some product item in Dasboard page 3. User has filled Checkout information with valid data 4. User has navigate to Checkout Overview page | E35: Produc is 6 item 1. Name = Sauce Labs Backpack price = 29.99 2. Name = Sauce Labs Bike Light price = 9.99 3. Name = Sauce Labs Bolt T-Shirt price = 15.99 4. Name = Sauce Labs Fleece Jacket price = 49.99 5. Name = Sauce Labs Onesie price = 7.99 6. Name = Test.allTheThings() T-Shirt (Red) price = 15.99 Check Out Information First Name = "Asri" Last Name = "Maspupah" Zip/ Postal Code = "40523" | F35: Check every area in Checkout Overview page same with design | G35: 1. System display Check Overview page 2. show Page Tittle "Checkout: Overview" 3. show all data product has been ordered 4. in content area show data Payment Information, Shipping Information, Price Total Information (Item Total {sum of price product} and tax {8% from item total}) and Total {Item total add with tax} 5. Display Cancel button in buttom left area 6. Display Finish button in buttom right area | H35: Positif | I35: Passed | J35: Rafif | K35: 46200
A36: TC35 | B36: Checkout Overview Page | C36: Verify Finish button in Checkout Overview page is working properly | D36: 1. User has login to SwagLab Apps 2. User has ordered some product item in Dasboard page 3. User has filled Checkout information with valid data 4. User has navigate to Checkout Overview page | E36: Produc is 6 item 1. Name = Sauce Labs Backpack price = 29.99 2. Name = Sauce Labs Bike Light price = 9.99 3. Name = Sauce Labs Bolt T-Shirt price = 15.99 4. Name = Sauce Labs Fleece Jacket price = 49.99 5. Name = Sauce Labs Onesie price = 7.99 6. Name = Test.allTheThings() T-Shirt (Red) price = 15.99 Check Out Information First Name = "Asri" Last Name = "Maspupah" Zip/ Postal Code = "40523" | F36: user click Finish button | G36: 1. System display Checkout Complete page and show Page Tittle "Checkout: Complete!" 2. Show notification message for order successful | H36: Positif | I36: Passed | J36: Rafif | K36: 46200
A37: TC36 | B37: Checkout Overview Page | C37: Verify Cancel button in Checkout Overview page is working properly | D37: 1. User has login to SwagLab Apps 2. User has ordered some product item in Dasboard page 3. User has filled Checkout information with valid data 4. User has navigate to Checkout Overview page | E37: Produc is 6 item 1. Name = Sauce Labs Backpack price = 29.99 2. Name = Sauce Labs Bike Light price = 9.99 3. Name = Sauce Labs Bolt T-Shirt price = 15.99 4. Name = Sauce Labs Fleece Jacket price = 49.99 5. Name = Sauce Labs Onesie price = 7.99 6. Name = Test.allTheThings() T-Shirt (Red) price = 15.99 Check Out Information First Name = "Asri" Last Name = "Maspupah" Zip/ Postal Code = "40523" | F37: user click Cancel button | G37: System display Checkout page | H37: Positif | I37: Failed | J37: Rafif | K37: 46200 | L37: STD-IR-011
A38: TC37 | B38: Checkout Complete Page | C38: Verify layout screen Checkout Complete page | D38: 1. User has login to SwagLab Apps 2. User has ordered some product item in Dasboard page 3. User has filled Checkout information with valid data 4. User has navigate to Checkout Complete page | E38: Produc is 6 item 1. Name = Sauce Labs Backpack price = 29.99 2. Name = Sauce Labs Bike Light price = 9.99 3. Name = Sauce Labs Bolt T-Shirt price = 15.99 4. Name = Sauce Labs Fleece Jacket price = 49.99 5. Name = Sauce Labs Onesie price = 7.99 6. Name = Test.allTheThings() T-Shirt (Red) price = 15.99 Check Out Information First Name = "Asri" Last Name = "Maspupah" Zip/ Postal Code = "40523" | F38: Check every area in Checkout Complete page same with design | G38: 1. System display Checkout Complete page 2. show Page Tittle "Checkout: Complete!" 3. Display checklist image in center conten page 4. Diplay information "Thank you for your order! Your order has been dispatched, and will arrive just as fast as the pony can get there!" 5. Display Backhome button | H38: Positif | I38: Passed | J38: Rafif | K38: 46200
A39: TC38 | B39: Checkout Complete Page | C39: Verify Backhome button in Checkout Complete page is working properly | D39: 1. User has login to SwagLab Apps 2. User has ordered some product item in Dasboard page 3. User has filled Checkout information with valid data 4. User has navigate to Checkout Complete page | E39: Produc is 6 item 1. Name = Sauce Labs Backpack price = 29.99 2. Name = Sauce Labs Bike Light price = 9.99 3. Name = Sauce Labs Bolt T-Shirt price = 15.99 4. Name = Sauce Labs Fleece Jacket price = 49.99 5. Name = Sauce Labs Onesie price = 7.99 6. Name = Test.allTheThings() T-Shirt (Red) price = 15.99 Check Out Information First Name = "Asri" Last Name = "Maspupah" Zip/ Postal Code = "40523" | F39: user click Backhome button | G39: System display Dasboard page and all product item not ordered also number of item product in Cart icon is diseappear | H39: Positif | I39: Passed | J39: Rafif | K39: 46200
A40: TC39 | B40: All item menu | C40: Verify All Item menu is working properly | D40: 1. User has login to SwagLab Apps 2. User has navigate to Dasboard | E40: - | F40: 1. User click three bar icon in top left area 2. user click All Item menu | G40: Comentar still dont know to whrere | H40: Positif | I40: Passed | J40: Rafif | K40: 46200
A41: TC40 | B41: About menu | C41: Verify about menu is working properly | D41: 1. User has login to SwagLab Apps 2. User has navigate to Dasboard | E41: - | F41: 1. User click three bar icon in top left area 2. user click about menu | G41: System display about sourcelab page with url "https://saucelabs.com/" | H41: Positif | I41: Passed | J41: Rafif | K41: 46200
A42: TC41 | B42: Log out | C42: Verify log out is working properly | D42: 1. User has login to SwagLab Apps 2. User has navigate to Dasboard | E42: - | F42: 1. User click three bar icon in top left area 2. user click Log out menu | G42: 1. Autentication user has been log out 2. System display login page | H42: Positif | I42: Passed | J42: Rafif | K42: 46200
A43: TC42 | B43: Reset App State | C43: Verify reset app state with case some product ordered is working properly | D43: 1. User has login to SwagLab Apps 2. User has navigate to Dasboard 3. User has ordered some product item in Dasboard page 4. sort filter use "Price (high to low)" | E43: Produc is 6 item 1. Name = Sauce Labs Backpack price = 29.99 2. Name = Sauce Labs Bike Light price = 9.99 3. Name = Sauce Labs Bolt T-Shirt price = 15.99 4. Name = Sauce Labs Fleece Jacket price = 49.99 5. Name = Sauce Labs Onesie price = 7.99 6. Name = Test.allTheThings() T-Shirt (Red) price = 15.99 | F43: 1. User click three bar icon in top left area 2. user click Reset App State menu | G43: 1. Current page still in Dasboard page 2. System will reset state ordered back to origin, its mean all product item not ordered, number of product ordered in Cart icon is disappear and default value on the filter uses "Name (A to Z)" 3. All remove button in product item change to Add to cart button | H43: Positif | I43: Failed | J43: Rafif | K43: 46200 | L43: STD-IR-012
A44: TC43 | B44: Reset App State | C44: Verify reset app state with case no product ordered is working properly | D44: 1. User has login to SwagLab Apps 2. User has navigate to Dasboard 3. User not ordered product item in Dasboard page | E44: Produc is 6 item 1. Name = Sauce Labs Backpack price = 29.99 2. Name = Sauce Labs Bike Light price = 9.99 3. Name = Sauce Labs Bolt T-Shirt price = 15.99 4. Name = Sauce Labs Fleece Jacket price = 49.99 5. Name = Sauce Labs Onesie price = 7.99 6. Name = Test.allTheThings() T-Shirt (Red) price = 15.99 | F44: 1. User click three bar icon in top left area 2. user click Reset App State menu | G44: 1. Current page still in Dasboard page 2. System will reset state ordered back to origin, its mean all product item not ordered, number of product ordered in Cart icon is disappear and and default value on the filter uses "Name (A to Z)" | H44: Positif | I44: Passed | J44: Rafif | K44: 46200

Sheet BugReport
A1: Incident ID | B1: Nama Fitur | C1: Case ID | D1: Bug Titte | E1: Bug Severity | F1: Bug Priority | G1: Description on Issue | H1: Bug Evidence | I1: Status | J1: Date Found | K1: Reporter | L1: Fixed By
A2: STD-IR-001 | B2: Login | C2: TC03 | D2: Terdapat tambahan infromasi pada pesan Password is required | E2: Low | F2: Trivial | G2: Error terjadi saat user melakukan login dengan akun standard_user akan tetapi dengan password tidak diisi Actual result: pesan tidak sama dengan expected result terdapat tambahan pesan yang muncul menjadi "Epic sadface: Password is required". Expected result: pesan kesalahan seharusnya "Password is required", jika password kosong Data test: Username: standard_user Password: {empty} | I2: New | J2: 46200 | K2: Rafif | L2: -
A3: STD-IR-002 | B3: Login | C3: TC04 | D3: Terdapat tambahan infromasi pada pesan Username is required | E3: Low | F3: Trivial | G3: Error terjadi saat user melakukan login dengan akun dikosongkan dengan password secret_sauce Actual result: pesan tidak sama dengan expected result terdapat tambahan pesan yang muncul menjadi "Epic sadface: Username is required". Expected result: pesan kesalahan seharusnya "Username is required", jika username kosong Data test: Username: {empty} Password: secrete_sauce | I3: New | J3: 46200 | K3: Rafif
A4: STD-IR-003 | B4: Login | C4: TC05 | D4: Tidak sesuai requaiment, pada saat user tidak mengisi username dan password | E4: Low | F4: Trivial | G4: Error terjadi saat user melakukan login dengan akun dikosongkan dan password dikosongkan juga Actual result: pesan tidak sama dengan expected result terdapat tambahan pesan yang muncul menjadi "Epic sadface: Username is required" dan tidak dinyatakan juga jika Password is required. Expected result: pesan kesalahan seharusnya "Username and Password is required", jika User name dan password kosong Data test: Username: {empty} Password: {empty} | I4: New | J4: 46200 | K4: Rafif
A5: STD-IR-004 | B5: Login | C5: TC06 | D5: Terdapat tambahan infromasi jika password salah pada pesan Username and password do not match any user in this service | E5: Low | F5: Trivial | G5: Error terjadi saat user melakukan login dengan akun standard_user dan password salah Actual result: pesan tidak sama dengan expected result terdapat tambahan pesan yang muncul menjadi "Epic sadface: Username and password do not match any user in this service" Expected result: pesan kesalahan seharusnya "Username and password do not match any user in this service", jika User name dan password kosong Data test: Username: standard_user Password: secret | I5: New | J5: 46200 | K5: Rafif
A6: STD-IR-005 | B6: Login | C6: TC07 | D6: Terdapat tambahan infromasi jika username salah pada pesan Username and password do not match any user in this service | E6: Low | F6: Trivial | G6: Error terjadi saat user melakukan login dengan akun yang salah dan password benar Actual result: pesan tidak sama dengan expected result terdapat tambahan pesan yang muncul menjadi "Epic sadface: Username and password do not match any user in this service" Expected result: pesan kesalahan seharusnya "Username and password do not match any user in this service", jika User name dan password kosong Data test: Username: standard Password: secret_sauce | I6: New | J6: 46200 | K6: Rafif
A7: STD-IR-006 | B7: Cart Page | C7: TC26 | D7: Tidak adanya pesan "No product item ordered, User must order minimum one product", dan user dapat menekan tombol checkout | E7: Major | F7: High | G7: Error karena tidak adanya throw error message "No product item ordered, User must order minimum one product" Actual result: pesan tidak sama dengan expected result yang seharusnya menampilkan throw error message "No product item ordered, User must order minimum one product" Expected result: terdapat pesan throw error message "No product item ordered, User must order minimum one product" Data test: Product: - | I7: New | J7: 46200 | K7: Rafif
A8: STD-IR-007 | B8: Checkout Page | C8: TC29 | D8: Icon x ada pada setiap kolom, padahal hanya firstname yang kosong, ada pesan tambahan pada error message dan pesan tidak dibawah masalah | E8: Minor | F8: Medium | G8: Error karena sistem menampilkan indikator error ("X") pada semua kolom dan teks pesan error tidak sesuai ekspektasi saat field First Name dikosongkan. Actual result: Sistem menampilkan indikator error ("X") pada semua kolom dan teks pesan error tidak sesuai ekspektasi saat field First Name dikosongkan. Expected result: Sistem akan menampilkan pesan error "First Name is required" di bawah kolom First Name. Halaman saat ini tetap berada di halaman Checkout. Kolom First Name ditampilkan dengan warna merah dan terdapat ikon silang di ujungnya. Data test: Product: Sauce Labs Backpack First Name = {Empty} Last Name = "Maspupah" Zip/ Postal Code = "40523" | I8: New | J8: 46200 | K8: Rafif
A9: STD-IR-008 | B9: Checkout Page | C9: TC30 | D9: Icon x ada pada setiap kolom, padahal hanya last name yang kosong, ada pesan tambahan pada error message dan pesan tidak dibawah masalah | E9: Minor | F9: Medium | G9: Error karena sistem menampilkan indikator error ("X") pada semua kolom dan teks pesan error tidak sesuai ekspektasi saat field Last Name dikosongkan. Actual result: Sistem menampilkan indikator error ("X") pada semua kolom dan teks pesan error tidak sesuai ekspektasi saat field Last Name dikosongkan. Expected result: Sistem akan menampilkan pesan error "Last Name is required" di bawah kolom Last Name. Halaman saat ini tetap berada di halaman Checkout. Kolom Last Name ditampilkan dengan warna merah dan terdapat ikon silang di ujungnya. Data test: Product: Sauce Labs Backpack First Name = "Asri" Last Name = {Empty} Zip/ Postal Code = "40523" | I9: New | J9: 46200 | K9: Rafif
A10: STD-IR-009 | B10: Checkout Page | C10: TC31 | D10: Icon x ada pada setiap kolom, padahal hanya postal code yang kosong dan ada pesan tambahan pada error message | E10: Minor | F10: Medium | G10: Error karena sistem menampilkan indikator error ("X") pada semua kolom dan teks pesan error tidak sesuai ekspektasi saat field Postal Codedikosongkan. Actual result: Sistem menampilkan indikator error ("X") pada semua kolom dan teks pesan error tidak sesuai ekspektasi saat postal code Name dikosongkan. Expected result: Sistem akan menampilkan pesan error "Postal Code is required" di bawah kolom Postal Code. Halaman saat ini tetap berada di halaman Checkout. Kolom Postal Code ditampilkan dengan warna merah dan terdapat ikon silang di ujungnya. Data test: Product: Sauce Labs Backpack First Name = "Asri" Last Name = "Maspupah" Zip/ Postal Code = {Empty} | I10: New | J10: 46200 | K10: Rafif
A11: STD-IR-010 | B11: Checkout Page | C11: TC32 | D11: error message ada tambahan pesan, dan seharunsya seluruh field terdapat pesan error | E11: Minor | F11: Medium | G11: Error pada pesan error tidak sesuai ekspektasi saat sleuruh filed dikosongkan. Actual result: Pesan error hanya dibawah postal code dengan error message "Error: First Name is required" Expected result: Sistem akan menampilkan pesan error "First Name is required" di bawah kolom First Name. Sistem akan menampilkan pesan error "Last Name is required" di bawah kolom Last Name. Sistem akan menampilkan pesan error "Postal Code is required" di bawah kolom Postal Code. Halaman saat ini tetap berada di halaman Checkout. Kolom Postal Code ditampilkan dengan warna merah dan terdapat ikon silang di ujungnya. Data test: Product: Sauce Labs Backpack First Name = {Empty} Last Name = {Empty} Zip/ Postal Code = {Empty} | I11: New | J11: 46200 | K11: Rafif
A12: STD-IR-011 | B12: Checkout Overview Page | C12: TC36 | D12: pada saat berada di overview page, user menekan tombol cancel, akan tetapi tidak kembali ke cart page | E12: Minor | F12: High | G12: Error terjadi saat user menekan tombol Cancel pada halaman Checkout Overview. Actual result: Pada saat berada di Checkout Overview page, user menekan tombol cancel, akan tetapi tidak kembali ke Checkout page (atau Cart page). Expected result: Sistem display Checkout page (sistem seharusnya mengarahkan user kembali ke cart page). Data test: Product is 6 item 1. Name = Sauce Labs Backpack, price = 29.99 2. Name = Sauce Labs Bike Light, price = 9.99 3. Name = Sauce Labs Bolt T-Shirt, price = 15.99 4. Name = Sauce Labs Fleece Jacket, price = 49.99 5. Name = Sauce Labs Onesie, price = 7.99 6. Name = Test.allTheThings() T-Shirt (Red), price = 15.99 Check Out Information First Name = "Asri" Last Name = "Maspupah" Zip/ Postal Code = "40523" | I12: New | J12: 46200 | K12: Rafif
A13: STD-IR-012 | B13: Reset App State | C13: TC42 | D13: Verify reset app state with case some product ordered is working properly | E13: Minor | F13: Medium | G13: Error pada saat menekan tombol reset app state dan filter name z to a Actual result: Produk tetap terfilter z to a Expected result: Urutan produk kembali ke default, yakni a to z Data test: Filter: Name {Z to A} | I13: New | J13: 46200 | K13: Rafif
